{
  "IcoMoonType": "selection",
  "icons": [
    {
      "icon": {
        "paths": [
          "M713.143 73.143c90.857 0 164.571 73.714 164.571 164.571v548.571c0 90.857-73.714 164.571-164.571 164.571h-107.429v-340h113.714l17.143-132.571h-130.857v-84.571c0-38.286 10.286-64 65.714-64l69.714-0.571v-118.286c-12-1.714-53.714-5.143-101.714-5.143-101.143 0-170.857 61.714-170.857 174.857v97.714h-114.286v132.571h114.286v340h-304c-90.857 0-164.571-73.714-164.571-164.571v-548.571c0-90.857 73.714-164.571 164.571-164.571h548.571z"
        ],
        "width": 877.7142857142857,
        "attrs": [],
        "isMulticolor": false,
        "isMulticolor2": false,
        "tags": [
          "facebook-square"
        ],
        "defaultCode": 61570,
        "grid": 14
      },
      "attrs": [],
      "properties": {
        "name": "facebook-square",
        "id": 123,
        "order": 5,
        "prevSize": 28,
        "code": 61570
      },
      "setIdx": 0,
      "setId": 0,
      "iconIdx": 123
    },
    {
      "icon": {
        "paths": [
          "M135.429 808h132v-396.571h-132v396.571zM276 289.143c-0.571-38.857-28.571-68.571-73.714-68.571s-74.857 29.714-74.857 68.571c0 37.714 28.571 68.571 73.143 68.571h0.571c46.286 0 74.857-30.857 74.857-68.571zM610.286 808h132v-227.429c0-121.714-65.143-178.286-152-178.286-70.857 0-102.286 39.429-119.429 66.857h1.143v-57.714h-132s1.714 37.143 0 396.571v0h132v-221.714c0-11.429 0.571-23.429 4-32 9.714-23.429 31.429-48 68-48 47.429 0 66.286 36 66.286 89.714v212zM877.714 237.714v548.571c0 90.857-73.714 164.571-164.571 164.571h-548.571c-90.857 0-164.571-73.714-164.571-164.571v-548.571c0-90.857 73.714-164.571 164.571-164.571h548.571c90.857 0 164.571 73.714 164.571 164.571z"
        ],
        "width": 877.7142857142857,
        "attrs": [],
        "isMulticolor": false,
        "isMulticolor2": false,
        "tags": [
          "linkedin-square"
        ],
        "defaultCode": 61580,
        "grid": 14
      },
      "attrs": [],
      "properties": {
        "name": "linkedin-square",
        "id": 133,
        "order": 4,
        "prevSize": 28,
        "code": 61580
      },
      "setIdx": 0,
      "setId": 0,
      "iconIdx": 133
    },
    {
      "icon": {
        "paths": [
          "M296.571 685.714v0c1.143-1.714 0.571-5.143-1.714-7.429-2.857-2.286-6.286-2.857-8-1.143-1.143 1.714-0.571 5.143 1.714 7.429 2.857 2.286 6.286 2.857 8 1.143zM280.571 662.286c-1.714-2.286-4.571-3.429-6.857-2.286-1.714 1.143-1.714 4.571 0 6.857 2.286 2.857 5.143 4 6.857 2.857v0c1.714-1.143 1.714-4.571 0-7.429zM257.143 639.429v0c0.571-1.143-0.571-3.429-2.857-4.571-1.714-0.571-4-0.571-4.571 1.143-1.143 1.714 0 3.429 2.286 4.571 2.286 0.571 4.571 0.571 5.143-1.143zM269.143 652.571v0c1.143-1.143 1.143-4-1.143-5.714-1.714-2.286-4.571-2.857-5.714-1.714-1.714 1.714-1.143 4 0.571 6.286 1.714 1.714 4.571 2.857 6.286 1.143zM318.286 695.429v0c0.571-2.286-1.714-5.143-5.143-6.286s-6.286 0-7.429 2.286c-0.571 2.286 1.714 5.143 5.143 6.286s6.286 0 7.429-2.286zM342.286 697.143v0c0-2.286-2.857-4.571-6.857-4.571-3.429 0-5.714 2.286-5.714 4.571s2.857 4.571 6.286 4.571 6.286-2.286 6.286-4.571zM364.571 693.143v0c-0.571-2.286-4-3.429-7.429-2.857s-5.714 2.857-5.143 5.143 3.429 4 6.857 3.429 5.714-3.429 5.714-5.714zM731.429 512c0-161.714-130.857-292.571-292.571-292.571s-292.571 130.857-292.571 292.571c0 129.143 84 238.857 200 277.714 14.857 2.857 20-6.286 20-14.286 0-6.857 0-29.714-0.571-54.286 0 0-81.143 17.714-98.286-34.857 0 0-13.143-33.714-32.571-42.286 0 0-26.286-18.286 2.286-18.286 0 0 28.571 2.286 44.571 30.286 25.714 45.143 68.571 32 85.143 24.571 2.857-18.857 10.286-32 18.857-39.429-65.143-7.429-133.714-32.571-133.714-144.571 0-32 11.429-57.714 30.286-78.286-2.857-7.429-13.143-37.143 2.857-77.714 24.571-7.429 80.571 30.286 80.571 30.286 23.429-6.857 48-9.714 73.143-9.714s49.714 2.857 73.143 9.714c0 0 56-37.714 80.571-30.286 16 40.571 5.714 70.286 2.857 77.714 18.857 20.571 30.286 46.286 30.286 78.286 0 112.571-68.571 137.143-133.714 144.571 10.286 9.143 20 26.857 20 54.286 0 38.857-0.571 70.286-0.571 80 0 8 5.143 17.143 20 14.286 116-38.857 200-148.571 200-277.714zM877.714 237.714v548.571c0 90.857-73.714 164.571-164.571 164.571h-548.571c-90.857 0-164.571-73.714-164.571-164.571v-548.571c0-90.857 73.714-164.571 164.571-164.571h548.571c90.857 0 164.571 73.714 164.571 164.571z"
        ],
        "width": 877.7142857142857,
        "attrs": [],
        "isMulticolor": false,
        "isMulticolor2": false,
        "tags": [
          "github-square"
        ],
        "defaultCode": 61586,
        "grid": 14
      },
      "attrs": [],
      "properties": {
        "name": "github-square",
        "id": 138,
        "order": 6,
        "prevSize": 28,
        "code": 61586
      },
      "setIdx": 0,
      "setId": 0,
      "iconIdx": 138
    },
    {
      "icon": {
        "paths": [
          "M1024 405.714v453.714c0 50.286-41.143 91.429-91.429 91.429h-841.143c-50.286 0-91.429-41.143-91.429-91.429v-453.714c17.143 18.857 36.571 35.429 57.714 49.714 94.857 64.571 190.857 129.143 284 197.143 48 35.429 107.429 78.857 169.714 78.857h1.143c62.286 0 121.714-43.429 169.714-78.857 93.143-67.429 189.143-132.571 284.571-197.143 20.571-14.286 40-30.857 57.143-49.714zM1024 237.714c0 64-47.429 121.714-97.714 156.571-89.143 61.714-178.857 123.429-267.429 185.714-37.143 25.714-100 78.286-146.286 78.286h-1.143c-46.286 0-109.143-52.571-146.286-78.286-88.571-62.286-178.286-124-266.857-185.714-40.571-27.429-98.286-92-98.286-144 0-56 30.286-104 91.429-104h841.143c49.714 0 91.429 41.143 91.429 91.429z"
        ],
        "width": 1024,
        "attrs": [],
        "isMulticolor": false,
        "isMulticolor2": false,
        "tags": [
          "envelope"
        ],
        "defaultCode": 61664,
        "grid": 14
      },
      "attrs": [],
      "properties": {
        "name": "envelope",
        "id": 199,
        "order": 8,
        "prevSize": 28,
        "code": 61664
      },
      "setIdx": 0,
      "setId": 0,
      "iconIdx": 199
    },
    {
      "icon": {
        "paths": [
          "M670.286 607.429c0-99.429-96.571-133.714-177.714-152l-59.429-13.714c-43.429-10.286-76-17.714-76-50.857 0-30.286 32-44 82.286-44 89.714 0 91.429 65.714 146.857 65.714 37.143 0 59.429-29.143 59.429-62.286 0-65.714-109.143-108.571-217.143-108.571-98.857 0-213.714 42.857-213.714 158.857 0 96 64 130.286 147.429 150.286l83.429 20.571c50.857 12.571 82.286 18.286 82.286 54.857 0 29.143-32.571 51.429-82.857 51.429-105.714 0-111.429-88-172.571-88-40 0-57.714 28.571-57.714 60 0 70.286 107.429 127.429 236 127.429 107.429 0 219.429-53.714 219.429-169.714zM877.714 731.429c0 121.143-98.286 219.429-219.429 219.429-50.286 0-96.571-17.143-133.714-45.714-27.429 5.714-56.571 9.143-85.714 9.143-222.286 0-402.286-180-402.286-402.286 0-29.143 3.429-58.286 9.143-85.714-28.571-37.143-45.714-83.429-45.714-133.714 0-121.143 98.286-219.429 219.429-219.429 50.286 0 96.571 17.143 133.714 45.714 27.429-5.714 56.571-9.143 85.714-9.143 222.286 0 402.286 180 402.286 402.286 0 29.143-3.429 58.286-9.143 85.714 28.571 37.143 45.714 83.429 45.714 133.714z"
        ],
        "width": 877.7142857142857,
        "attrs": [],
        "isMulticolor": false,
        "isMulticolor2": false,
        "tags": [
          "skype"
        ],
        "defaultCode": 61822,
        "grid": 14
      },
      "attrs": [],
      "properties": {
        "name": "skype",
        "id": 345,
        "order": 3,
        "prevSize": 28,
        "code": 61822
      },
      "setIdx": 0,
      "setId": 0,
      "iconIdx": 345
    }
  ],
  "height": 1024,
  "metadata": {
    "name": "icomoon"
  },
  "preferences": {
    "showGlyphs": true,
    "showQuickUse": true,
    "showQuickUse2": true,
    "showSVGs": true,
    "fontPref": {
      "prefix": "icon-",
      "metadata": {
        "fontFamily": "icomoon"
      },
      "metrics": {
        "emSize": 1024,
        "baseline": 6.25,
        "whitespace": 50
      },
      "embed": false
    },